candidate_name,pollster,sample_size,end_date,numeric_grade,methodology,state,pct,pollscore
Kamala Harris,YouGov,1435,2024-10-16,3,Online Panel,Arizona,48,-1.1
Donald Trump,YouGov,1435,2024-10-16,3,Online Panel,Arizona,51,-1.1
Kamala Harris,YouGov,1457,2024-10-15,3,Online Panel,National,48,-1.1
Donald Trump,YouGov,1457,2024-10-15,3,Online Panel,National,45,-1.1
Kamala Harris,YouGov,1314,2024-10-15,3,Online Panel,National,49,-1.1
Donald Trump,YouGov,1314,2024-10-15,3,Online Panel,National,45,-1.1
Kamala Harris,YouGov,2712,2024-10-11,3,Online Panel,National,51,-1.1
Donald Trump,YouGov,2712,2024-10-11,3,Online Panel,National,48,-1.1
Kamala Harris,Siena/NYT,857,2024-10-10,3,Live Phone,Pennsylvania,50,-1.5
Donald Trump,Siena/NYT,857,2024-10-10,3,Live Phone,Pennsylvania,47,-1.5
Kamala Harris,Siena/NYT,857,2024-10-10,3,Live Phone,Pennsylvania,49,-1.5
Donald Trump,Siena/NYT,857,2024-10-10,3,Live Phone,Pennsylvania,45,-1.5
Kamala Harris,Siena/NYT,857,2024-10-10,3,Live Phone,Pennsylvania,50,-1.5
Donald Trump,Siena/NYT,857,2024-10-10,3,Live Phone,Pennsylvania,47,-1.5
Kamala Harris,Siena/NYT,857,2024-10-10,3,Live Phone,Pennsylvania,49,-1.5
Donald Trump,Siena/NYT,857,2024-10-10,3,Live Phone,Pennsylvania,45,-1.5
Kamala Harris,Siena/NYT,808,2024-10-10,3,Live Phone,Arizona,46,-1.5
Donald Trump,Siena/NYT,808,2024-10-10,3,Live Phone,Arizona,51,-1.5
Kamala Harris,Siena/NYT,808,2024-10-10,3,Live Phone,Arizona,45,-1.5
Donald Trump,Siena/NYT,808,2024-10-10,3,Live Phone,Arizona,50,-1.5
Kamala Harris,Siena/NYT,808,2024-10-10,3,Live Phone,Arizona,45,-1.5
Donald Trump,Siena/NYT,808,2024-10-10,3,Live Phone,Arizona,51,-1.5
Kamala Harris,Siena/NYT,808,2024-10-10,3,Live Phone,Arizona,44,-1.5
Donald Trump,Siena/NYT,808,2024-10-10,3,Live Phone,Arizona,49,-1.5
Kamala Harris,YouGov,1091,2024-10-10,3,Online Panel,Texas,46,-1.1
Donald Trump,YouGov,1091,2024-10-10,3,Online Panel,Texas,51,-1.1
Kamala Harris,Marquette Law School,780,2024-10-10,3,Probability Panel,National,50,-1.1
Donald Trump,Marquette Law School,780,2024-10-10,3,Probability Panel,National,50,-1.1
Kamala Harris,Marquette Law School,780,2024-10-10,3,Probability Panel,National,43,-1.1
Donald Trump,Marquette Law School,780,2024-10-10,3,Probability Panel,National,39,-1.1
Kamala Harris,Marquette Law School,652,2024-10-10,3,Probability Panel,National,50,-1.1
Donald Trump,Marquette Law School,652,2024-10-10,3,Probability Panel,National,50,-1.1
Kamala Harris,Marquette Law School,652,2024-10-10,3,Probability Panel,National,44,-1.1
Donald Trump,Marquette Law School,652,2024-10-10,3,Probability Panel,National,41,-1.1
Kamala Harris,Siena/NYT,656,2024-10-08,3,Live Phone,Montana,39,-1.5
Donald Trump,Siena/NYT,656,2024-10-08,3,Live Phone,Montana,57,-1.5
Kamala Harris,Siena/NYT,656,2024-10-08,3,Live Phone,Montana,38,-1.5
Donald Trump,Siena/NYT,656,2024-10-08,3,Live Phone,Montana,56,-1.5
Kamala Harris,Siena/NYT,656,2024-10-08,3,Live Phone,Montana,40,-1.5
Donald Trump,Siena/NYT,656,2024-10-08,3,Live Phone,Montana,57,-1.5
Kamala Harris,Siena/NYT,656,2024-10-08,3,Live Phone,Montana,39,-1.5
Donald Trump,Siena/NYT,656,2024-10-08,3,Live Phone,Montana,56,-1.5
Kamala Harris,YouGov,1414,2024-10-07,3,Online Panel,National,47,-1.1
Donald Trump,YouGov,1414,2024-10-07,3,Online Panel,National,44,-1.1
Kamala Harris,YouGov,1230,2024-10-07,3,Online Panel,National,49,-1.1
Donald Trump,YouGov,1230,2024-10-07,3,Online Panel,National,45,-1.1
Kamala Harris,The Washington Post,1002,2024-10-07,3,Live Phone/Text-to-Web,Ohio,45,-1.2
Donald Trump,The Washington Post,1002,2024-10-07,3,Live Phone/Text-to-Web,Ohio,51,-1.2
Kamala Harris,The Washington Post,1002,2024-10-07,3,Live Phone/Text-to-Web,Ohio,44,-1.2
Donald Trump,The Washington Post,1002,2024-10-07,3,Live Phone/Text-to-Web,Ohio,51,-1.2
Kamala Harris,Siena/NYT,3385,2024-10-06,3,Live Phone,National,49,-1.5
Donald Trump,Siena/NYT,3385,2024-10-06,3,Live Phone,National,46,-1.5
Kamala Harris,Siena/NYT,3385,2024-10-06,3,Live Phone,National,47,-1.5
Donald Trump,Siena/NYT,3385,2024-10-06,3,Live Phone,National,44,-1.5
Kamala Harris,Siena/NYT,622,2024-10-06,3,Live Phone,Florida,41,-1.5
Donald Trump,Siena/NYT,622,2024-10-06,3,Live Phone,Florida,55,-1.5
Kamala Harris,Siena/NYT,622,2024-10-06,3,Live Phone,Florida,40,-1.5
Donald Trump,Siena/NYT,622,2024-10-06,3,Live Phone,Florida,53,-1.5
Kamala Harris,Siena/NYT,622,2024-10-06,3,Live Phone,Florida,41,-1.5
Donald Trump,Siena/NYT,622,2024-10-06,3,Live Phone,Florida,54,-1.5
Kamala Harris,Siena/NYT,622,2024-10-06,3,Live Phone,Florida,40,-1.5
Donald Trump,Siena/NYT,622,2024-10-06,3,Live Phone,Florida,53,-1.5
Kamala Harris,YouGov,1150,2024-10-04,3,Online Panel,National,46,-1.1
Donald Trump,YouGov,1150,2024-10-04,3,Online Panel,National,45,-1.1
Kamala Harris,YouGov,1032,2024-10-04,3,Online Panel,National,47,-1.1
Donald Trump,YouGov,1032,2024-10-04,3,Online Panel,National,47,-1.1
Kamala Harris,YouGov,1151,2024-10-04,3,Online Panel,National,48,-1.1
Donald Trump,YouGov,1151,2024-10-04,3,Online Panel,National,46,-1.1
Kamala Harris,YouGov,1033,2024-10-04,3,Online Panel,National,48,-1.1
Donald Trump,YouGov,1033,2024-10-04,3,Online Panel,National,47,-1.1
Kamala Harris,Siena/NYT,617,2024-10-04,3,Live Phone,Texas,44,-1.5
Donald Trump,Siena/NYT,617,2024-10-04,3,Live Phone,Texas,50,-1.5
Kamala Harris,Siena/NYT,617,2024-10-04,3,Live Phone,Texas,42,-1.5
Donald Trump,Siena/NYT,617,2024-10-04,3,Live Phone,Texas,49,-1.5
Kamala Harris,Siena/NYT,617,2024-10-04,3,Live Phone,Texas,44,-1.5
Donald Trump,Siena/NYT,617,2024-10-04,3,Live Phone,Texas,50,-1.5
Kamala Harris,Siena/NYT,617,2024-10-04,3,Live Phone,Texas,41,-1.5
Donald Trump,Siena/NYT,617,2024-10-04,3,Live Phone,Texas,48,-1.5
Kamala Harris,YouGov/Center for Working Class Politics,1000,2024-10-02,3,Online Panel,Pennsylvania,46.8,-1.1
Donald Trump,YouGov/Center for Working Class Politics,1000,2024-10-02,3,Online Panel,Pennsylvania,44.7,-1.1
Kamala Harris,YouGov,1463,2024-10-01,3,Online Panel,National,48,-1.1
Donald Trump,YouGov,1463,2024-10-01,3,Online Panel,National,45,-1.1
Kamala Harris,YouGov,1261,2024-10-01,3,Online Panel,National,49,-1.1
Donald Trump,YouGov,1261,2024-10-01,3,Online Panel,National,46,-1.1
Kamala Harris,The Washington Post,1001,2024-09-29,3,Live Phone/Text-to-Web,North Carolina,48,-1.2
Donald Trump,The Washington Post,1001,2024-09-29,3,Live Phone/Text-to-Web,North Carolina,50,-1.2
Kamala Harris,The Washington Post,1001,2024-09-29,3,Live Phone/Text-to-Web,North Carolina,47,-1.2
Donald Trump,The Washington Post,1001,2024-09-29,3,Live Phone/Text-to-Web,North Carolina,50,-1.2
Kamala Harris,McCourtney Institute/YouGov,848,2024-09-27,3,Online Panel,National,48,-1.1
Donald Trump,McCourtney Institute/YouGov,848,2024-09-27,3,Online Panel,National,45,-1.1
Kamala Harris,Siena/NYT,680,2024-09-26,3,Live Phone,Nebraska,51,-1.5
Donald Trump,Siena/NYT,680,2024-09-26,3,Live Phone,Nebraska,42,-1.5
Kamala Harris,Siena/NYT,680,2024-09-26,3,Live Phone,Nebraska,49,-1.5
Donald Trump,Siena/NYT,680,2024-09-26,3,Live Phone,Nebraska,41,-1.5
Kamala Harris,Siena/NYT,680,2024-09-26,3,Live Phone,Nebraska,52,-1.5
Donald Trump,Siena/NYT,680,2024-09-26,3,Live Phone,Nebraska,43,-1.5
Kamala Harris,Siena/NYT,680,2024-09-26,3,Live Phone,Nebraska,51,-1.5
Donald Trump,Siena/NYT,680,2024-09-26,3,Live Phone,Nebraska,42,-1.5
Kamala Harris,Siena/NYT,688,2024-09-26,3,Live Phone,Michigan,45,-1.5
Donald Trump,Siena/NYT,688,2024-09-26,3,Live Phone,Michigan,47,-1.5
Kamala Harris,Siena/NYT,688,2024-09-26,3,Live Phone,Michigan,43,-1.5
Donald Trump,Siena/NYT,688,2024-09-26,3,Live Phone,Michigan,46,-1.5
Kamala Harris,Siena/NYT,688,2024-09-26,3,Live Phone,Michigan,48,-1.5
Donald Trump,Siena/NYT,688,2024-09-26,3,Live Phone,Michigan,47,-1.5
Kamala Harris,Siena/NYT,688,2024-09-26,3,Live Phone,Michigan,46,-1.5
Donald Trump,Siena/NYT,688,2024-09-26,3,Live Phone,Michigan,46,-1.5
Kamala Harris,Siena/NYT,687,2024-09-26,3,Live Phone,Ohio,45,-1.5
Donald Trump,Siena/NYT,687,2024-09-26,3,Live Phone,Ohio,49,-1.5
Kamala Harris,Siena/NYT,687,2024-09-26,3,Live Phone,Ohio,44,-1.5
Donald Trump,Siena/NYT,687,2024-09-26,3,Live Phone,Ohio,47,-1.5
Kamala Harris,Siena/NYT,687,2024-09-26,3,Live Phone,Ohio,44,-1.5
Donald Trump,Siena/NYT,687,2024-09-26,3,Live Phone,Ohio,50,-1.5
Kamala Harris,Siena/NYT,687,2024-09-26,3,Live Phone,Ohio,43,-1.5
Donald Trump,Siena/NYT,687,2024-09-26,3,Live Phone,Ohio,49,-1.5
Kamala Harris,Siena/NYT,680,2024-09-26,3,Live Phone,Wisconsin,49,-1.5
Donald Trump,Siena/NYT,680,2024-09-26,3,Live Phone,Wisconsin,47,-1.5
Kamala Harris,Siena/NYT,680,2024-09-26,3,Live Phone,Wisconsin,48,-1.5
Donald Trump,Siena/NYT,680,2024-09-26,3,Live Phone,Wisconsin,45,-1.5
Kamala Harris,Siena/NYT,680,2024-09-26,3,Live Phone,Wisconsin,49,-1.5
Donald Trump,Siena/NYT,680,2024-09-26,3,Live Phone,Wisconsin,47,-1.5
Kamala Harris,Siena/NYT,680,2024-09-26,3,Live Phone,Wisconsin,48,-1.5
Donald Trump,Siena/NYT,680,2024-09-26,3,Live Phone,Wisconsin,46,-1.5
Kamala Harris,Marquette Law School,882,2024-09-26,3,Probability Panel,Wisconsin,52,-1.1
Donald Trump,Marquette Law School,882,2024-09-26,3,Probability Panel,Wisconsin,48,-1.1
Kamala Harris,Marquette Law School,798,2024-09-26,3,Probability Panel,Wisconsin,52,-1.1
Donald Trump,Marquette Law School,798,2024-09-26,3,Probability Panel,Wisconsin,48,-1.1
Kamala Harris,Marquette Law School,882,2024-09-26,3,Probability Panel,Wisconsin,48,-1.1
Donald Trump,Marquette Law School,882,2024-09-26,3,Probability Panel,Wisconsin,44,-1.1
Kamala Harris,Marquette Law School,798,2024-09-26,3,Probability Panel,Wisconsin,49,-1.1
Donald Trump,Marquette Law School,798,2024-09-26,3,Probability Panel,Wisconsin,44,-1.1
Kamala Harris,YouGov,1424,2024-09-24,3,Online Panel,National,47,-1.1
Donald Trump,YouGov,1424,2024-09-24,3,Online Panel,National,44,-1.1
Kamala Harris,YouGov,1220,2024-09-24,3,Online Panel,National,49,-1.1
Donald Trump,YouGov,1220,2024-09-24,3,Online Panel,National,46,-1.1
Kamala Harris,YouGov,1441,2024-09-24,3,Online Panel,Georgia,49,-1.1
Donald Trump,YouGov,1441,2024-09-24,3,Online Panel,Georgia,51,-1.1
Kamala Harris,Siena/NYT,713,2024-09-21,3,Live Phone,Arizona,45,-1.5
Donald Trump,Siena/NYT,713,2024-09-21,3,Live Phone,Arizona,49,-1.5
Kamala Harris,Siena/NYT,713,2024-09-21,3,Live Phone,Arizona,45,-1.5
Donald Trump,Siena/NYT,713,2024-09-21,3,Live Phone,Arizona,50,-1.5
Kamala Harris,Siena/NYT,713,2024-09-21,3,Live Phone,Arizona,42,-1.5
Donald Trump,Siena/NYT,713,2024-09-21,3,Live Phone,Arizona,47,-1.5
Kamala Harris,Siena/NYT,713,2024-09-21,3,Live Phone,Arizona,43,-1.5
Donald Trump,Siena/NYT,713,2024-09-21,3,Live Phone,Arizona,48,-1.5
Kamala Harris,Siena/NYT,682,2024-09-21,3,Live Phone,Georgia,44,-1.5
Donald Trump,Siena/NYT,682,2024-09-21,3,Live Phone,Georgia,48,-1.5
Kamala Harris,Siena/NYT,682,2024-09-21,3,Live Phone,Georgia,45,-1.5
Donald Trump,Siena/NYT,682,2024-09-21,3,Live Phone,Georgia,49,-1.5
Kamala Harris,Siena/NYT,682,2024-09-21,3,Live Phone,Georgia,43,-1.5
Donald Trump,Siena/NYT,682,2024-09-21,3,Live Phone,Georgia,46,-1.5
Kamala Harris,Siena/NYT,682,2024-09-21,3,Live Phone,Georgia,44,-1.5
Donald Trump,Siena/NYT,682,2024-09-21,3,Live Phone,Georgia,47,-1.5
Kamala Harris,Siena/NYT,682,2024-09-21,3,Live Phone,North Carolina,47,-1.5
Donald Trump,Siena/NYT,682,2024-09-21,3,Live Phone,North Carolina,48,-1.5
Kamala Harris,Siena/NYT,682,2024-09-21,3,Live Phone,North Carolina,47,-1.5
Donald Trump,Siena/NYT,682,2024-09-21,3,Live Phone,North Carolina,49,-1.5
Kamala Harris,Siena/NYT,682,2024-09-21,3,Live Phone,North Carolina,46,-1.5
Donald Trump,Siena/NYT,682,2024-09-21,3,Live Phone,North Carolina,46,-1.5
Kamala Harris,Siena/NYT,682,2024-09-21,3,Live Phone,North Carolina,45,-1.5
Donald Trump,Siena/NYT,682,2024-09-21,3,Live Phone,North Carolina,47,-1.5
Kamala Harris,YouGov,3129,2024-09-20,3,Online Panel,National,52,-1.1
Donald Trump,YouGov,3129,2024-09-20,3,Online Panel,National,48,-1.1
Kamala Harris,YouGov,1445,2024-09-17,3,Online Panel,National,49,-1.1
Donald Trump,YouGov,1445,2024-09-17,3,Online Panel,National,45,-1.1
Kamala Harris,The Washington Post,1003,2024-09-16,3,Live Phone/Text-to-Web,Pennsylvania,48,-1.2
Donald Trump,The Washington Post,1003,2024-09-16,3,Live Phone/Text-to-Web,Pennsylvania,47,-1.2
Kamala Harris,The Washington Post,1003,2024-09-16,3,Live Phone/Text-to-Web,Pennsylvania,48,-1.2
Donald Trump,The Washington Post,1003,2024-09-16,3,Live Phone/Text-to-Web,Pennsylvania,48,-1.2
Kamala Harris,Siena/NYT,2437,2024-09-16,3,Live Phone,National,47,-1.5
Donald Trump,Siena/NYT,2437,2024-09-16,3,Live Phone,National,47,-1.5
Kamala Harris,Siena/NYT,2437,2024-09-16,3,Live Phone,National,46,-1.5
Donald Trump,Siena/NYT,2437,2024-09-16,3,Live Phone,National,47,-1.5
Kamala Harris,Siena/NYT,2437,2024-09-16,3,Live Phone,National,45,-1.5
Donald Trump,Siena/NYT,2437,2024-09-16,3,Live Phone,National,46,-1.5
Kamala Harris,Siena/NYT,2437,2024-09-16,3,Live Phone,National,46,-1.5
Donald Trump,Siena/NYT,2437,2024-09-16,3,Live Phone,National,46,-1.5
Kamala Harris,Siena/NYT,1082,2024-09-16,3,Live Phone,Pennsylvania,50,-1.5
Donald Trump,Siena/NYT,1082,2024-09-16,3,Live Phone,Pennsylvania,46,-1.5
Kamala Harris,Siena/NYT,1082,2024-09-16,3,Live Phone,Pennsylvania,50,-1.5
Donald Trump,Siena/NYT,1082,2024-09-16,3,Live Phone,Pennsylvania,46,-1.5
Kamala Harris,Siena/NYT,1082,2024-09-16,3,Live Phone,Pennsylvania,48,-1.5
Donald Trump,Siena/NYT,1082,2024-09-16,3,Live Phone,Pennsylvania,45,-1.5
Kamala Harris,Siena/NYT,1082,2024-09-16,3,Live Phone,Pennsylvania,49,-1.5
Donald Trump,Siena/NYT,1082,2024-09-16,3,Live Phone,Pennsylvania,45,-1.5
Kamala Harris,YouGov,1177,2024-09-13,3,Online Panel,National,50,-1.1
Donald Trump,YouGov,1177,2024-09-13,3,Online Panel,National,45,-1.1
Kamala Harris,YouGov,1090,2024-09-13,3,Online Panel,National,50,-1.1
Donald Trump,YouGov,1090,2024-09-13,3,Online Panel,National,46,-1.1
Kamala Harris,YouGov,1175,2024-09-13,3,Online Panel,National,48,-1.1
Donald Trump,YouGov,1175,2024-09-13,3,Online Panel,National,44,-1.1
Kamala Harris,YouGov,1090,2024-09-13,3,Online Panel,National,49,-1.1
Donald Trump,YouGov,1090,2024-09-13,3,Online Panel,National,45,-1.1
Kamala Harris,YouGov,1464,2024-09-10,3,Online Panel,National,45,-1.1
Donald Trump,YouGov,1464,2024-09-10,3,Online Panel,National,45,-1.1
Kamala Harris,YouGov,1077,2024-09-06,3,Online Panel,Michigan,50,-1.1
Donald Trump,YouGov,1077,2024-09-06,3,Online Panel,Michigan,49,-1.1
Kamala Harris,YouGov,1078,2024-09-06,3,Online Panel,Pennsylvania,50,-1.1
Donald Trump,YouGov,1078,2024-09-06,3,Online Panel,Pennsylvania,50,-1.1
Kamala Harris,YouGov,946,2024-09-06,3,Online Panel,Wisconsin,51,-1.1
Donald Trump,YouGov,946,2024-09-06,3,Online Panel,Wisconsin,49,-1.1
Kamala Harris,Siena/NYT,1695,2024-09-06,3,Live Phone,National,47,-1.5
Donald Trump,Siena/NYT,1695,2024-09-06,3,Live Phone,National,48,-1.5
Kamala Harris,Siena/NYT,1695,2024-09-06,3,Live Phone,National,45,-1.5
Donald Trump,Siena/NYT,1695,2024-09-06,3,Live Phone,National,47,-1.5
Kamala Harris,Siena/NYT,1695,2024-09-06,3,Live Phone,National,46,-1.5
Donald Trump,Siena/NYT,1695,2024-09-06,3,Live Phone,National,48,-1.5
Kamala Harris,Siena/NYT,1695,2024-09-06,3,Live Phone,National,44,-1.5
Donald Trump,Siena/NYT,1695,2024-09-06,3,Live Phone,National,46,-1.5
Kamala Harris,Marquette Law School,822,2024-09-05,3,Live Phone/Email,Wisconsin,52,-1.1
Donald Trump,Marquette Law School,822,2024-09-05,3,Live Phone/Email,Wisconsin,48,-1.1
Kamala Harris,Marquette Law School,738,2024-09-05,3,Live Phone/Email,Wisconsin,52,-1.1
Donald Trump,Marquette Law School,738,2024-09-05,3,Live Phone/Email,Wisconsin,48,-1.1
Kamala Harris,Marquette Law School,822,2024-09-05,3,Live Phone/Email,Wisconsin,47,-1.1
Donald Trump,Marquette Law School,822,2024-09-05,3,Live Phone/Email,Wisconsin,43,-1.1
Kamala Harris,Marquette Law School,738,2024-09-05,3,Live Phone/Email,Wisconsin,48,-1.1
Donald Trump,Marquette Law School,738,2024-09-05,3,Live Phone/Email,Wisconsin,43,-1.1
Kamala Harris,YouGov,1389,2024-09-03,3,Online Panel,National,47,-1.1
Donald Trump,YouGov,1389,2024-09-03,3,Online Panel,National,45,-1.1
Kamala Harris,YouGov,1200,2024-08-31,3,Online Panel,Texas,44,-1.1
Donald Trump,YouGov,1200,2024-08-31,3,Online Panel,Texas,49,-1.1
Kamala Harris,YouGov,1200,2024-08-31,3,Online Panel,Texas,44,-1.1
Donald Trump,YouGov,1200,2024-08-31,3,Online Panel,Texas,49,-1.1
Kamala Harris,YouGov,1368,2024-08-27,3,Online Panel,National,47,-1.1
Donald Trump,YouGov,1368,2024-08-27,3,Online Panel,National,45,-1.1
Kamala Harris,YouGov,1194,2024-08-26,3,Online Panel,National,46,-1.1
Donald Trump,YouGov,1194,2024-08-26,3,Online Panel,National,45,-1.1
Kamala Harris,YouGov,1197,2024-08-26,3,Online Panel,National,47,-1.1
Donald Trump,YouGov,1197,2024-08-26,3,Online Panel,National,46,-1.1
Kamala Harris,YouGov,1788,2024-08-26,3,Online Panel,National,39,-1.1
Donald Trump,YouGov,1788,2024-08-26,3,Online Panel,National,36,-1.1
Kamala Harris,YouGov,1200,2024-08-26,3,Online Panel,National,44,-1.1
Donald Trump,YouGov,1200,2024-08-26,3,Online Panel,National,42,-1.1
Kamala Harris,YouGov,500,2024-08-23,3,Online Panel,Pennsylvania,43,-1.1
Donald Trump,YouGov,500,2024-08-23,3,Online Panel,Pennsylvania,42.5,-1.1
Kamala Harris,YouGov,NA,2024-08-23,3,Online Panel,Pennsylvania,47,-1.1
Donald Trump,YouGov,NA,2024-08-23,3,Online Panel,Pennsylvania,47,-1.1
Kamala Harris,YouGov,500,2024-08-23,3,Online Panel,Pennsylvania,43,-1.1
Donald Trump,YouGov,500,2024-08-23,3,Online Panel,Pennsylvania,41,-1.1
Kamala Harris,YouGov,NA,2024-08-23,3,Online Panel,Pennsylvania,48,-1.1
Donald Trump,YouGov,NA,2024-08-23,3,Online Panel,Pennsylvania,46,-1.1
Kamala Harris,YouGov,500,2024-08-23,3,Online Panel,Wisconsin,48,-1.1
Donald Trump,YouGov,500,2024-08-23,3,Online Panel,Wisconsin,42,-1.1
Kamala Harris,YouGov,NA,2024-08-23,3,Online Panel,Wisconsin,51,-1.1
Donald Trump,YouGov,NA,2024-08-23,3,Online Panel,Wisconsin,46,-1.1
Kamala Harris,YouGov,500,2024-08-23,3,Online Panel,Wisconsin,45,-1.1
Donald Trump,YouGov,500,2024-08-23,3,Online Panel,Wisconsin,40,-1.1
Kamala Harris,YouGov,NA,2024-08-23,3,Online Panel,Wisconsin,49,-1.1
Donald Trump,YouGov,NA,2024-08-23,3,Online Panel,Wisconsin,45,-1.1
Kamala Harris,YouGov,500,2024-08-23,3,Online Panel,Michigan,44,-1.1
Donald Trump,YouGov,500,2024-08-23,3,Online Panel,Michigan,43.5,-1.1
Kamala Harris,YouGov,NA,2024-08-23,3,Online Panel,Michigan,47,-1.1
Donald Trump,YouGov,NA,2024-08-23,3,Online Panel,Michigan,48,-1.1
Kamala Harris,YouGov,500,2024-08-23,3,Online Panel,Michigan,44,-1.1
Donald Trump,YouGov,500,2024-08-23,3,Online Panel,Michigan,41.5,-1.1
Kamala Harris,YouGov,NA,2024-08-23,3,Online Panel,Michigan,47,-1.1
Donald Trump,YouGov,NA,2024-08-23,3,Online Panel,Michigan,46,-1.1
Kamala Harris,YouGov,1835,2024-08-22,3,Online Panel,National,44,-1.1
Donald Trump,YouGov,1835,2024-08-22,3,Online Panel,National,40,-1.1
Kamala Harris,YouGov,1371,2024-08-20,3,Online Panel,National,46,-1.1
Donald Trump,YouGov,1371,2024-08-20,3,Online Panel,National,43,-1.1
Kamala Harris,YouGov,3253,2024-08-16,3,Online Panel,National,51,-1.1
Donald Trump,YouGov,3253,2024-08-16,3,Online Panel,National,48,-1.1
Kamala Harris,YouGov,3253,2024-08-16,3,Online Panel,National,49,-1.1
Donald Trump,YouGov,3253,2024-08-16,3,Online Panel,National,47,-1.1
Kamala Harris,YouGov,900,2024-08-16,3,Online Panel,Missouri,41,-1.1
Donald Trump,YouGov,900,2024-08-16,3,Online Panel,Missouri,54,-1.1
Kamala Harris,Siena/NYT,677,2024-08-15,3,Live Phone,Nevada,46,-1.5
Donald Trump,Siena/NYT,677,2024-08-15,3,Live Phone,Nevada,48,-1.5
Kamala Harris,Siena/NYT,677,2024-08-15,3,Live Phone,Nevada,47,-1.5
Donald Trump,Siena/NYT,677,2024-08-15,3,Live Phone,Nevada,48,-1.5
Kamala Harris,Siena/NYT,677,2024-08-15,3,Live Phone,Nevada,42,-1.5
Donald Trump,Siena/NYT,677,2024-08-15,3,Live Phone,Nevada,45,-1.5
Kamala Harris,Siena/NYT,677,2024-08-15,3,Live Phone,Nevada,44,-1.5
Donald Trump,Siena/NYT,677,2024-08-15,3,Live Phone,Nevada,46,-1.5
Kamala Harris,Siena/NYT,677,2024-08-15,3,Live Phone,Arizona,49,-1.5
Donald Trump,Siena/NYT,677,2024-08-15,3,Live Phone,Arizona,45,-1.5
Kamala Harris,Siena/NYT,677,2024-08-15,3,Live Phone,Arizona,50,-1.5
Donald Trump,Siena/NYT,677,2024-08-15,3,Live Phone,Arizona,45,-1.5
Kamala Harris,Siena/NYT,677,2024-08-15,3,Live Phone,Arizona,45,-1.5
Donald Trump,Siena/NYT,677,2024-08-15,3,Live Phone,Arizona,42,-1.5
Kamala Harris,Siena/NYT,677,2024-08-15,3,Live Phone,Arizona,47,-1.5
Donald Trump,Siena/NYT,677,2024-08-15,3,Live Phone,Arizona,43,-1.5
Kamala Harris,Siena/NYT,655,2024-08-14,3,Live Phone,North Carolina,49,-1.5
Donald Trump,Siena/NYT,655,2024-08-14,3,Live Phone,North Carolina,46,-1.5
Kamala Harris,Siena/NYT,655,2024-08-14,3,Live Phone,North Carolina,49,-1.5
Donald Trump,Siena/NYT,655,2024-08-14,3,Live Phone,North Carolina,47,-1.5
Kamala Harris,Siena/NYT,655,2024-08-14,3,Live Phone,North Carolina,45,-1.5
Donald Trump,Siena/NYT,655,2024-08-14,3,Live Phone,North Carolina,42,-1.5
Kamala Harris,Siena/NYT,655,2024-08-14,3,Live Phone,North Carolina,46,-1.5
Donald Trump,Siena/NYT,655,2024-08-14,3,Live Phone,North Carolina,44,-1.5
Kamala Harris,Siena/NYT,661,2024-08-14,3,Live Phone,Georgia,44,-1.5
Donald Trump,Siena/NYT,661,2024-08-14,3,Live Phone,Georgia,51,-1.5
Kamala Harris,Siena/NYT,661,2024-08-14,3,Live Phone,Georgia,46,-1.5
Donald Trump,Siena/NYT,661,2024-08-14,3,Live Phone,Georgia,50,-1.5
Kamala Harris,Siena/NYT,661,2024-08-14,3,Live Phone,Georgia,41,-1.5
Donald Trump,Siena/NYT,661,2024-08-14,3,Live Phone,Georgia,47,-1.5
Kamala Harris,Siena/NYT,661,2024-08-14,3,Live Phone,Georgia,44,-1.5
Donald Trump,Siena/NYT,661,2024-08-14,3,Live Phone,Georgia,47,-1.5
Kamala Harris,YouGov,1407,2024-08-13,3,Online Panel,National,46,-1.1
Donald Trump,YouGov,1407,2024-08-13,3,Online Panel,National,44,-1.1
Kamala Harris,Siena/NYT,693,2024-08-09,3,Live Phone,Pennsylvania,49,-1.5
Donald Trump,Siena/NYT,693,2024-08-09,3,Live Phone,Pennsylvania,46,-1.5
Kamala Harris,Siena/NYT,693,2024-08-09,3,Live Phone,Pennsylvania,50,-1.5
Donald Trump,Siena/NYT,693,2024-08-09,3,Live Phone,Pennsylvania,46,-1.5
Kamala Harris,Siena/NYT,693,2024-08-09,3,Live Phone,Pennsylvania,45,-1.5
Donald Trump,Siena/NYT,693,2024-08-09,3,Live Phone,Pennsylvania,43,-1.5
Kamala Harris,Siena/NYT,693,2024-08-09,3,Live Phone,Pennsylvania,46,-1.5
Donald Trump,Siena/NYT,693,2024-08-09,3,Live Phone,Pennsylvania,44,-1.5
Kamala Harris,YouGov Blue,802,2024-08-09,3,Online Panel,North Carolina,46,-1.1
Donald Trump,YouGov Blue,802,2024-08-09,3,Online Panel,North Carolina,46,-1.1
Kamala Harris,Siena/NYT,619,2024-08-08,3,Live Phone,Michigan,45,-1.5
Donald Trump,Siena/NYT,619,2024-08-08,3,Live Phone,Michigan,48,-1.5
Kamala Harris,Siena/NYT,619,2024-08-08,3,Live Phone,Michigan,50,-1.5
Donald Trump,Siena/NYT,619,2024-08-08,3,Live Phone,Michigan,46,-1.5
Kamala Harris,Siena/NYT,619,2024-08-08,3,Live Phone,Michigan,44,-1.5
Donald Trump,Siena/NYT,619,2024-08-08,3,Live Phone,Michigan,43,-1.5
Kamala Harris,Siena/NYT,619,2024-08-08,3,Live Phone,Michigan,48,-1.5
Donald Trump,Siena/NYT,619,2024-08-08,3,Live Phone,Michigan,43,-1.5
Kamala Harris,Siena/NYT,661,2024-08-08,3,Live Phone,Wisconsin,50,-1.5
Donald Trump,Siena/NYT,661,2024-08-08,3,Live Phone,Wisconsin,46,-1.5
Kamala Harris,Siena/NYT,661,2024-08-08,3,Live Phone,Wisconsin,50,-1.5
Donald Trump,Siena/NYT,661,2024-08-08,3,Live Phone,Wisconsin,46,-1.5
Kamala Harris,Siena/NYT,661,2024-08-08,3,Live Phone,Wisconsin,49,-1.5
Donald Trump,Siena/NYT,661,2024-08-08,3,Live Phone,Wisconsin,42,-1.5
Kamala Harris,Siena/NYT,661,2024-08-08,3,Live Phone,Wisconsin,49,-1.5
Donald Trump,Siena/NYT,661,2024-08-08,3,Live Phone,Wisconsin,43,-1.5
Kamala Harris,YouGov,1413,2024-08-06,3,Online Panel,National,45,-1.1
Donald Trump,YouGov,1413,2024-08-06,3,Online Panel,National,43,-1.1
Kamala Harris,YouGov,3092,2024-08-02,3,Online Panel,National,50,-1.1
Donald Trump,YouGov,3092,2024-08-02,3,Online Panel,National,49,-1.1
Kamala Harris,YouGov,3092,2024-08-02,3,Online Panel,National,49,-1.1
Donald Trump,YouGov,3092,2024-08-02,3,Online Panel,National,47,-1.1
Kamala Harris,Marquette Law School,877,2024-08-01,3,Live Phone/Email,Wisconsin,49,-1.1
Donald Trump,Marquette Law School,877,2024-08-01,3,Live Phone/Email,Wisconsin,50,-1.1
Kamala Harris,Marquette Law School,801,2024-08-01,3,Live Phone/Email,Wisconsin,50,-1.1
Donald Trump,Marquette Law School,801,2024-08-01,3,Live Phone/Email,Wisconsin,49,-1.1
Kamala Harris,Marquette Law School,877,2024-08-01,3,Live Phone/Email,Wisconsin,45,-1.1
Donald Trump,Marquette Law School,877,2024-08-01,3,Live Phone/Email,Wisconsin,43,-1.1
Kamala Harris,Marquette Law School,801,2024-08-01,3,Live Phone/Email,Wisconsin,46,-1.1
Donald Trump,Marquette Law School,801,2024-08-01,3,Live Phone/Email,Wisconsin,45,-1.1
Kamala Harris,Marquette Law School,879,2024-08-01,3,Probability Panel,National,52,-1.1
Donald Trump,Marquette Law School,879,2024-08-01,3,Probability Panel,National,48,-1.1
Kamala Harris,Marquette Law School,683,2024-08-01,3,Probability Panel,National,53,-1.1
Donald Trump,Marquette Law School,683,2024-08-01,3,Probability Panel,National,47,-1.1
Kamala Harris,Marquette Law School,879,2024-08-01,3,Probability Panel,National,47,-1.1
Donald Trump,Marquette Law School,879,2024-08-01,3,Probability Panel,National,41,-1.1
Kamala Harris,Marquette Law School,683,2024-08-01,3,Probability Panel,National,50,-1.1
Donald Trump,Marquette Law School,683,2024-08-01,3,Probability Panel,National,42,-1.1
Kamala Harris,YouGov,1434,2024-07-30,3,Online Panel,National,46,-1.1
Donald Trump,YouGov,1434,2024-07-30,3,Online Panel,National,44,-1.1
Kamala Harris,Siena/NYT,1142,2024-07-24,3,Live Phone,National,46,-1.5
Donald Trump,Siena/NYT,1142,2024-07-24,3,Live Phone,National,48,-1.5
Kamala Harris,Siena/NYT,1142,2024-07-24,3,Live Phone,National,47,-1.5
Donald Trump,Siena/NYT,1142,2024-07-24,3,Live Phone,National,48,-1.5
Kamala Harris,Siena/NYT,1142,2024-07-24,3,Live Phone,National,42,-1.5
Donald Trump,Siena/NYT,1142,2024-07-24,3,Live Phone,National,42,-1.5
Kamala Harris,Siena/NYT,1142,2024-07-24,3,Live Phone,National,44,-1.5
Donald Trump,Siena/NYT,1142,2024-07-24,3,Live Phone,National,43,-1.5
Kamala Harris,YouGov,1155,2024-07-23,3,Online Panel,National,44,-1.1
Donald Trump,YouGov,1155,2024-07-23,3,Online Panel,National,46,-1.1
Kamala Harris,YouGov,1435,2024-07-23,3,Online Panel,National,41,-1.1
Donald Trump,YouGov,1435,2024-07-23,3,Online Panel,National,44,-1.1
Donald Trump,YouGov,1178,2024-07-22,3,Online Panel,National,43,-1.1
Donald Trump,YouGov,1115,2024-07-22,3,Online Panel,National,45,-1.1
Kamala Harris,YouGov,1178,2024-07-22,3,Online Panel,National,41,-1.1
Donald Trump,YouGov,1178,2024-07-22,3,Online Panel,National,43,-1.1
Kamala Harris,YouGov,1178,2024-07-22,3,Online Panel,National,46,-1.1
Donald Trump,YouGov,1178,2024-07-22,3,Online Panel,National,46,-1.1
Donald Trump,YouGov,1178,2024-07-22,3,Online Panel,National,46,-1.1
Donald Trump,YouGov,1178,2024-07-22,3,Online Panel,National,46,-1.1
Donald Trump,YouGov,1178,2024-07-22,3,Online Panel,National,46,-1.1
Donald Trump,YouGov,2241,2024-07-18,3,Online Panel,National,52,-1.1
Kamala Harris,YouGov,2240,2024-07-18,3,Online Panel,National,48,-1.1
Donald Trump,YouGov,2240,2024-07-18,3,Online Panel,National,51,-1.1
Donald Trump,YouGov,1404,2024-07-16,3,Online Panel,National,43,-1.1
Kamala Harris,YouGov,1404,2024-07-16,3,Online Panel,National,39,-1.1
Donald Trump,YouGov,1404,2024-07-16,3,Online Panel,National,44,-1.1
Donald Trump,Siena/NYT,661,2024-07-12,3,Live Phone,Virginia,44,-1.5
Donald Trump,Siena/NYT,661,2024-07-12,3,Live Phone,Virginia,45,-1.5
Donald Trump,Siena/NYT,661,2024-07-12,3,Live Phone,Virginia,36,-1.5
Donald Trump,Siena/NYT,661,2024-07-12,3,Live Phone,Virginia,38,-1.5
Kamala Harris,Siena/NYT,661,2024-07-12,3,Live Phone,Virginia,48,-1.5
Donald Trump,Siena/NYT,661,2024-07-12,3,Live Phone,Virginia,44,-1.5
Kamala Harris,Siena/NYT,661,2024-07-12,3,Live Phone,Virginia,49,-1.5
Donald Trump,Siena/NYT,661,2024-07-12,3,Live Phone,Virginia,44,-1.5
Kamala Harris,Siena/NYT,661,2024-07-12,3,Live Phone,Virginia,41,-1.5
Donald Trump,Siena/NYT,661,2024-07-12,3,Live Phone,Virginia,38,-1.5
Kamala Harris,Siena/NYT,661,2024-07-12,3,Live Phone,Virginia,43,-1.5
Donald Trump,Siena/NYT,661,2024-07-12,3,Live Phone,Virginia,39,-1.5
Donald Trump,Siena/NYT,872,2024-07-11,3,Live Phone,Pennsylvania,48,-1.5
Donald Trump,Siena/NYT,872,2024-07-11,3,Live Phone,Pennsylvania,48,-1.5
Donald Trump,Siena/NYT,872,2024-07-11,3,Live Phone,Pennsylvania,41,-1.5
Donald Trump,Siena/NYT,872,2024-07-11,3,Live Phone,Pennsylvania,42,-1.5
Kamala Harris,Siena/NYT,872,2024-07-11,3,Live Phone,Pennsylvania,46,-1.5
Donald Trump,Siena/NYT,872,2024-07-11,3,Live Phone,Pennsylvania,48,-1.5
Kamala Harris,Siena/NYT,872,2024-07-11,3,Live Phone,Pennsylvania,47,-1.5
Donald Trump,Siena/NYT,872,2024-07-11,3,Live Phone,Pennsylvania,48,-1.5
Kamala Harris,Siena/NYT,872,2024-07-11,3,Live Phone,Pennsylvania,40,-1.5
Donald Trump,Siena/NYT,872,2024-07-11,3,Live Phone,Pennsylvania,42,-1.5
Kamala Harris,Siena/NYT,872,2024-07-11,3,Live Phone,Pennsylvania,42,-1.5
Donald Trump,Siena/NYT,872,2024-07-11,3,Live Phone,Pennsylvania,43,-1.5
Donald Trump,YouGov,1443,2024-07-09,3,Online Panel,National,43,-1.1
Kamala Harris,YouGov,1443,2024-07-09,3,Online Panel,National,38,-1.1
Donald Trump,YouGov,1443,2024-07-09,3,Online Panel,National,42,-1.1
Donald Trump,YouGov,1392,2024-07-02,3,Online Panel,National,42,-1.1
Donald Trump,YouGov,2815,2024-07-02,3,Online Panel,National,50,-1.1
Donald Trump,YouGov,2815,2024-07-02,3,Online Panel,National,44,-1.1
Donald Trump,Siena/NYT,1532,2024-07-02,3,Live Phone,National,49,-1.5
Donald Trump,Siena/NYT,1532,2024-07-02,3,Live Phone,National,40,-1.5
Donald Trump,Siena/NYT,1532,2024-07-02,3,Live Phone,National,49,-1.5
Donald Trump,Siena/NYT,1532,2024-07-02,3,Live Phone,National,42,-1.5
Donald Trump,YouGov,1176,2024-07-01,3,Online Panel,National,44,-1.1
Donald Trump,YouGov,1176,2024-07-01,3,Online Panel,National,45,-1.1
Kamala Harris,YouGov,1176,2024-07-01,3,Online Panel,National,45,-1.1
Donald Trump,YouGov,1176,2024-07-01,3,Online Panel,National,47,-1.1
Donald Trump,YouGov,1406,2024-06-25,3,Online Panel,National,42,-1.1
Donald Trump,Siena/NYT,1226,2024-06-25,3,Live Phone,National,48,-1.5
Donald Trump,Siena/NYT,1226,2024-06-25,3,Live Phone,National,48,-1.5
Donald Trump,Siena/NYT,1226,2024-06-25,3,Live Phone,National,39,-1.5
Donald Trump,Siena/NYT,1226,2024-06-25,3,Live Phone,National,40,-1.5
Donald Trump,YouGov,2750,2024-06-24,3,Online Panel,National,41.9,-1.1
Donald Trump,YouGov,1878,2024-06-21,3,Online Panel,National,50,-1.1
Donald Trump,Marquette Law School,871,2024-06-20,3,Live Phone/Email,Wisconsin,50,-1.1
Donald Trump,Marquette Law School,784,2024-06-20,3,Live Phone/Email,Wisconsin,49,-1.1
Donald Trump,Marquette Law School,871,2024-06-20,3,Live Phone/Email,Wisconsin,43,-1.1
Donald Trump,Marquette Law School,784,2024-06-20,3,Live Phone/Email,Wisconsin,44,-1.1
Donald Trump,YouGov,1396,2024-06-18,3,Online Panel,National,42,-1.1
Donald Trump,YouGov Blue,2015,2024-06-18,3,Online Panel,National,45,-1.1
Donald Trump,YouGov,1011,2024-06-14,3,Online Panel,National,39,-1.1
Donald Trump,YouGov,1399,2024-06-11,3,Online Panel,National,42,-1.1
Donald Trump,YouGov,1200,2024-06-09,3,Online Panel,Texas,43,-1.1
Donald Trump,YouGov,1200,2024-06-09,3,Online Panel,Texas,46,-1.1
Donald Trump,YouGov,1359,2024-06-07,3,Online Panel,National,50,-1.1
Donald Trump,YouGov,1239,2024-06-06,3,Online Panel,National,44,-1.1
Donald Trump,YouGov,1239,2024-06-06,3,Online Panel,National,43,-1.1
Donald Trump,YouGov,1566,2024-06-04,3,Online Panel,National,42,-1.1
Donald Trump,YouGov,1547,2024-05-28,3,Online Panel,National,41,-1.1
Donald Trump,YouGov,1560,2024-05-21,3,Online Panel,National,41,-1.1
Donald Trump,YouGov,1181,2024-05-16,3,Online Panel,Florida,54,-1.1
Donald Trump,YouGov,1174,2024-05-16,3,Online Panel,Florida,49,-1.1
Donald Trump,YouGov,1193,2024-05-16,3,Online Panel,Arizona,52,-1.1
Donald Trump,YouGov,1192,2024-05-16,3,Online Panel,Arizona,44,-1.1
Donald Trump,Marquette Law School,902,2024-05-15,3,Probability Panel,National,50,-1.1
Donald Trump,Marquette Law School,684,2024-05-15,3,Probability Panel,National,51,-1.1
Donald Trump,Marquette Law School,902,2024-05-15,3,Probability Panel,National,40,-1.1
Donald Trump,Marquette Law School,684,2024-05-15,3,Probability Panel,National,44,-1.1
Donald Trump,YouGov,1586,2024-05-14,3,Online Panel,National,42,-1.1
Donald Trump,YouGov,1201,2024-05-13,3,Online Panel,National,45,-1.1
Donald Trump,YouGov,1201,2024-05-13,3,Online Panel,National,44,-1.1
Donald Trump,Siena/NYT,626,2024-05-09,3,Live Phone,Arizona,42,-1.5
Donald Trump,Siena/NYT,626,2024-05-09,3,Live Phone,Arizona,49,-1.5
Donald Trump,Siena/NYT,626,2024-05-09,3,Live Phone,Arizona,44,-1.5
Donald Trump,Siena/NYT,626,2024-05-09,3,Live Phone,Arizona,49,-1.5
Donald Trump,Siena/NYT,604,2024-05-09,3,Live Phone,Georgia,39,-1.5
Donald Trump,Siena/NYT,604,2024-05-09,3,Live Phone,Georgia,49,-1.5
Donald Trump,Siena/NYT,604,2024-05-09,3,Live Phone,Georgia,42,-1.5
Donald Trump,Siena/NYT,604,2024-05-09,3,Live Phone,Georgia,50,-1.5
Donald Trump,Siena/NYT,616,2024-05-09,3,Live Phone,Michigan,38,-1.5
Donald Trump,Siena/NYT,616,2024-05-09,3,Live Phone,Michigan,49,-1.5
Donald Trump,Siena/NYT,616,2024-05-09,3,Live Phone,Michigan,39,-1.5
Donald Trump,Siena/NYT,616,2024-05-09,3,Live Phone,Michigan,46,-1.5
Donald Trump,Siena/NYT,614,2024-05-09,3,Live Phone,Nevada,41,-1.5
Donald Trump,Siena/NYT,614,2024-05-09,3,Live Phone,Nevada,50,-1.5
Donald Trump,Siena/NYT,614,2024-05-09,3,Live Phone,Nevada,44,-1.5
Donald Trump,Siena/NYT,614,2024-05-09,3,Live Phone,Nevada,51,-1.5
Donald Trump,Siena/NYT,1023,2024-05-09,3,Live Phone,Pennsylvania,40,-1.5
Donald Trump,Siena/NYT,1023,2024-05-09,3,Live Phone,Pennsylvania,47,-1.5
Donald Trump,Siena/NYT,1023,2024-05-09,3,Live Phone,Pennsylvania,41,-1.5
Donald Trump,Siena/NYT,1023,2024-05-09,3,Live Phone,Pennsylvania,48,-1.5
Donald Trump,Siena/NYT,614,2024-05-09,3,Live Phone,Wisconsin,38,-1.5
Donald Trump,Siena/NYT,614,2024-05-09,3,Live Phone,Wisconsin,45,-1.5
Donald Trump,Siena/NYT,614,2024-05-09,3,Live Phone,Wisconsin,40,-1.5
Donald Trump,Siena/NYT,614,2024-05-09,3,Live Phone,Wisconsin,47,-1.5
Donald Trump,YouGov,1598,2024-05-07,3,Online Panel,National,43,-1.1
Donald Trump,YouGov,1479,2024-04-30,3,Online Panel,National,44,-1.1
Donald Trump,YouGov,1288,2024-04-25,3,Online Panel,Pennsylvania,50,-1.1
Donald Trump,YouGov,1262,2024-04-25,3,Online Panel,Michigan,49,-1.1
Donald Trump,YouGov,1262,2024-04-25,3,Online Panel,Michigan,43,-1.1
Donald Trump,YouGov,1226,2024-04-25,3,Online Panel,Wisconsin,50,-1.1
Donald Trump,YouGov,1226,2024-04-25,3,Online Panel,Wisconsin,48,-1.1
Donald Trump,YouGov,1470,2024-04-23,3,Online Panel,National,43,-1.1
Donald Trump,YouGov,1200,2024-04-22,3,Online Panel,Texas,45,-1.1
Donald Trump,YouGov,1200,2024-04-22,3,Online Panel,Texas,48,-1.1
Donald Trump,YouGov,1358,2024-04-16,3,Online Panel,National,44,-1.1
Donald Trump,YouGov,1171,2024-04-15,3,Online Panel,National,44,-1.1
Donald Trump,YouGov,1171,2024-04-15,3,Online Panel,National,42,-1.1
Donald Trump,Siena/NYT,1059,2024-04-11,3,Live Phone,National,46,-1.5
Donald Trump,Siena/NYT,1059,2024-04-11,3,Live Phone,National,42,-1.5
Donald Trump,Siena/NYT,1059,2024-04-11,3,Live Phone,National,47,-1.5
Donald Trump,Siena/NYT,1059,2024-04-11,3,Live Phone,National,43,-1.5
Donald Trump,Marquette Law School,814,2024-04-10,3,Probability Panel,Wisconsin,51,-1.1
Donald Trump,Marquette Law School,707,2024-04-10,3,Probability Panel,Wisconsin,51,-1.1
Donald Trump,Marquette Law School,814,2024-04-10,3,Probability Panel,Wisconsin,41,-1.1
Donald Trump,Marquette Law School,707,2024-04-10,3,Probability Panel,Wisconsin,42,-1.1
Donald Trump,YouGov,1583,2024-04-09,3,Online Panel,National,43,-1.1
Donald Trump,YouGov Blue,4038,2024-04-05,3,Online Panel,National,44,-1.1
Donald Trump,YouGov Blue,4038,2024-04-05,3,Online Panel,National,42,-1.1
Donald Trump,YouGov,1604,2024-04-02,3,Online Panel,National,43,-1.1
Donald Trump,Marquette Law School,868,2024-03-28,3,Probability Panel,National,50,-1.1
Donald Trump,Marquette Law School,674,2024-03-28,3,Probability Panel,National,48,-1.1
Donald Trump,Marquette Law School,868,2024-03-28,3,Probability Panel,National,41,-1.1
Donald Trump,Marquette Law School,674,2024-03-28,3,Probability Panel,National,41,-1.1
Donald Trump,YouGov,1415,2024-03-26,3,Online Panel,National,44,-1.1
Donald Trump,YouGov,1510,2024-03-19,3,Online Panel,National,43,-1.1
Donald Trump,YouGov,1367,2024-03-12,3,Online Panel,National,44,-1.1
Donald Trump,YouGov,990,2024-03-11,3,Online Panel,National,46,-1.1
Donald Trump,YouGov,992,2024-03-11,3,Online Panel,National,43,-1.1
Donald Trump,YouGov,1126,2024-03-11,3,Online Panel,Georgia,51,-1.1
Donald Trump,YouGov,1450,2024-03-05,3,Online Panel,National,44,-1.1
Donald Trump,YouGov,1436,2024-03-01,3,Online Panel,National,52,-1.1
Donald Trump,Siena/NYT,980,2024-02-28,3,Live Phone,National,48,-1.5
Donald Trump,Siena/NYT,980,2024-02-28,3,Live Phone,National,48,-1.5
Kamala Harris,Siena/NYT,980,2024-02-28,3,Live Phone,National,41,-1.5
Donald Trump,Siena/NYT,980,2024-02-28,3,Live Phone,National,47,-1.5
Kamala Harris,Siena/NYT,980,2024-02-28,3,Live Phone,National,42,-1.5
Donald Trump,Siena/NYT,980,2024-02-28,3,Live Phone,National,48,-1.5
Donald Trump,YouGov,1498,2024-02-27,3,Online Panel,National,44,-1.1
Donald Trump,YouGov,1360,2024-02-20,3,Online Panel,National,43,-1.1
Donald Trump,Marquette Law School,787,2024-02-15,3,Probability Panel,National,51,-1.1
Donald Trump,Marquette Law School,628,2024-02-15,3,Probability Panel,National,52,-1.1
Donald Trump,Marquette Law School,787,2024-02-15,3,Probability Panel,National,42,-1.1
Donald Trump,Marquette Law School,628,2024-02-15,3,Probability Panel,National,43,-1.1
Donald Trump,YouGov,1470,2024-02-13,3,Online Panel,National,44,-1.1
Donald Trump,YouGov,1200,2024-02-12,3,Online Panel,Texas,45,-1.1
Donald Trump,YouGov,1200,2024-02-12,3,Online Panel,Texas,48,-1.1
Donald Trump,YouGov,869,2024-02-09,3,Online Panel,National,45,-1.1
Donald Trump,YouGov,1399,2024-02-06,3,Online Panel,National,44,-1.1
Donald Trump,YouGov,1765,2024-02-04,3,Online Panel,National,44,-1.1
Donald Trump,Marquette Law School,930,2024-01-31,3,Live Phone/Email,Wisconsin,49,-1.1
Donald Trump,Marquette Law School,808,2024-01-31,3,Live Phone/Email,Wisconsin,50,-1.1
Donald Trump,Marquette Law School,930,2024-01-31,3,Live Phone/Email,Wisconsin,40,-1.1
Donald Trump,Marquette Law School,808,2024-01-31,3,Live Phone/Email,Wisconsin,41,-1.1
Donald Trump,YouGov,1486,2024-01-30,3,Online Panel,National,42,-1.1
Donald Trump,YouGov,850,2024-01-30,3,Online Panel,National,45,-1.1
Donald Trump,YouGov,1069,2024-01-29,3,Online Panel,National,45,-1.1
Donald Trump,YouGov,1069,2024-01-29,3,Online Panel,National,42,-1.1
Donald Trump,YouGov,1497,2024-01-23,3,Online Panel,National,44,-1.1
Donald Trump,YouGov,1472,2024-01-16,3,Online Panel,National,43,-1.1
Donald Trump,YouGov,1906,2024-01-12,3,Online Panel,National,50,-1.1
Donald Trump,YouGov,1417,2024-01-09,3,Online Panel,National,43,-1.1
Donald Trump,YouGov,1343,2024-01-02,3,Online Panel,National,44,-1.1
Donald Trump,YouGov,1765,2023-12-23,3,Online Panel,National,42,-1.1
Donald Trump,YouGov,1336,2023-12-18,3,Online Panel,National,43,-1.1
Donald Trump,YouGov,1027,2023-12-18,3,Online Panel,National,44,-1.1
Donald Trump,YouGov,1027,2023-12-18,3,Online Panel,National,41,-1.1
Donald Trump,YouGov,1027,2023-12-18,3,Online Panel,National,45,-1.1
Donald Trump,YouGov,1027,2023-12-18,3,Online Panel,National,44,-1.1
Donald Trump,YouGov,800,2023-12-18,3,Online Panel,Colorado,40,-1.1
Donald Trump,Siena/NYT,1016,2023-12-14,3,Live Phone,National,46,-1.5
Donald Trump,Siena/NYT,1016,2023-12-14,3,Live Phone,National,45,-1.5
Donald Trump,YouGov,1332,2023-12-12,3,Online Panel,National,43,-1.1
Donald Trump,YouGov,1200,2023-12-10,3,Online Panel,Texas,45,-1.1
Donald Trump,YouGov,1200,2023-12-10,3,Online Panel,Texas,42,-1.1
Donald Trump,YouGov,1291,2023-12-05,3,Online Panel,National,41,-1.1
Donald Trump,YouGov,1323,2023-11-27,3,Online Panel,National,42,-1.1
Donald Trump,YouGov,1000,2023-11-27,3,Online Panel,National,37,-1.1
Donald Trump,YouGov,1000,2023-11-27,3,Online Panel,National,36,-1.1
Donald Trump,YouGov,1272,2023-11-14,3,Online Panel,National,43,-1.1
Donald Trump,YouGov,1058,2023-11-13,3,Online Panel,National,44,-1.1
Donald Trump,Marquette Law School,856,2023-11-07,3,Probability Panel,National,52,-1.1
Donald Trump,Marquette Law School,668,2023-11-07,3,Probability Panel,National,51,-1.1
Donald Trump,YouGov,1759,2023-11-03,3,Online Panel,National,51,-1.1
Donald Trump,Siena/NYT,603,2023-11-03,3,Live Phone,Arizona,49,-1.5
Donald Trump,Siena/NYT,603,2023-11-03,3,Live Phone,Arizona,49,-1.5
Kamala Harris,Siena/NYT,603,2023-11-03,3,Live Phone,Arizona,43,-1.5
Donald Trump,Siena/NYT,603,2023-11-03,3,Live Phone,Arizona,48,-1.5
Kamala Harris,Siena/NYT,603,2023-11-03,3,Live Phone,Arizona,43,-1.5
Donald Trump,Siena/NYT,603,2023-11-03,3,Live Phone,Arizona,48,-1.5
Donald Trump,Siena/NYT,603,2023-11-03,3,Live Phone,Arizona,33,-1.5
Donald Trump,Siena/NYT,603,2023-11-03,3,Live Phone,Arizona,34,-1.5
Donald Trump,Siena/NYT,629,2023-11-03,3,Live Phone,Georgia,49,-1.5
Donald Trump,Siena/NYT,629,2023-11-03,3,Live Phone,Georgia,49,-1.5
Kamala Harris,Siena/NYT,629,2023-11-03,3,Live Phone,Georgia,44,-1.5
Donald Trump,Siena/NYT,629,2023-11-03,3,Live Phone,Georgia,45,-1.5
Kamala Harris,Siena/NYT,629,2023-11-03,3,Live Phone,Georgia,44,-1.5
Donald Trump,Siena/NYT,629,2023-11-03,3,Live Phone,Georgia,47,-1.5
Donald Trump,Siena/NYT,629,2023-11-03,3,Live Phone,Georgia,36,-1.5
Donald Trump,Siena/NYT,629,2023-11-03,3,Live Phone,Georgia,38,-1.5
Donald Trump,Siena/NYT,616,2023-11-03,3,Live Phone,Michigan,48,-1.5
Donald Trump,Siena/NYT,616,2023-11-03,3,Live Phone,Michigan,46,-1.5
Kamala Harris,Siena/NYT,616,2023-11-03,3,Live Phone,Michigan,45,-1.5
Donald Trump,Siena/NYT,616,2023-11-03,3,Live Phone,Michigan,47,-1.5
Kamala Harris,Siena/NYT,616,2023-11-03,3,Live Phone,Michigan,48,-1.5
Donald Trump,Siena/NYT,616,2023-11-03,3,Live Phone,Michigan,46,-1.5
Donald Trump,Siena/NYT,616,2023-11-03,3,Live Phone,Michigan,34,-1.5
Donald Trump,Siena/NYT,616,2023-11-03,3,Live Phone,Michigan,34,-1.5
Donald Trump,Siena/NYT,611,2023-11-03,3,Live Phone,Nevada,52,-1.5
Donald Trump,Siena/NYT,611,2023-11-03,3,Live Phone,Nevada,52,-1.5
Kamala Harris,Siena/NYT,611,2023-11-03,3,Live Phone,Nevada,42,-1.5
Donald Trump,Siena/NYT,611,2023-11-03,3,Live Phone,Nevada,48,-1.5
Kamala Harris,Siena/NYT,611,2023-11-03,3,Live Phone,Nevada,42,-1.5
Donald Trump,Siena/NYT,611,2023-11-03,3,Live Phone,Nevada,50,-1.5
Donald Trump,Siena/NYT,611,2023-11-03,3,Live Phone,Nevada,38,-1.5
Donald Trump,Siena/NYT,611,2023-11-03,3,Live Phone,Nevada,40,-1.5
Donald Trump,Siena/NYT,600,2023-11-03,3,Live Phone,Pennsylvania,48,-1.5
Donald Trump,Siena/NYT,600,2023-11-03,3,Live Phone,Pennsylvania,49,-1.5
Kamala Harris,Siena/NYT,600,2023-11-03,3,Live Phone,Pennsylvania,44,-1.5
Donald Trump,Siena/NYT,600,2023-11-03,3,Live Phone,Pennsylvania,47,-1.5
Kamala Harris,Siena/NYT,600,2023-11-03,3,Live Phone,Pennsylvania,44,-1.5
Donald Trump,Siena/NYT,600,2023-11-03,3,Live Phone,Pennsylvania,48,-1.5
Donald Trump,Siena/NYT,600,2023-11-03,3,Live Phone,Pennsylvania,35,-1.5
Donald Trump,Siena/NYT,600,2023-11-03,3,Live Phone,Pennsylvania,36,-1.5
Donald Trump,Siena/NYT,603,2023-11-03,3,Live Phone,Wisconsin,45,-1.5
Donald Trump,Siena/NYT,603,2023-11-03,3,Live Phone,Wisconsin,45,-1.5
Kamala Harris,Siena/NYT,603,2023-11-03,3,Live Phone,Wisconsin,46,-1.5
Donald Trump,Siena/NYT,603,2023-11-03,3,Live Phone,Wisconsin,47,-1.5
Kamala Harris,Siena/NYT,603,2023-11-03,3,Live Phone,Wisconsin,46,-1.5
Donald Trump,Siena/NYT,603,2023-11-03,3,Live Phone,Wisconsin,48,-1.5
Donald Trump,Siena/NYT,603,2023-11-03,3,Live Phone,Wisconsin,35,-1.5
Donald Trump,Siena/NYT,603,2023-11-03,3,Live Phone,Wisconsin,35,-1.5
Donald Trump,Marquette Law School,908,2023-11-02,3,Live Phone/Email,Wisconsin,48,-1.1
Donald Trump,YouGov,1500,2023-10-31,3,Online Panel,National,38,-1.1
Donald Trump,YouGov,1333,2023-10-31,3,Online Panel,National,42,-1.1
Donald Trump,YouGov,1200,2023-10-17,3,Online Panel,Texas,45,-1.1
Donald Trump,YouGov,1123,2023-10-16,3,Online Panel,National,43,-1.1
Donald Trump,YouGov,1123,2023-10-16,3,Online Panel,National,40,-1.1
Donald Trump,YouGov,1123,2023-10-16,3,Online Panel,National,39,-1.1
Donald Trump,YouGov,1500,2023-10-10,3,Online Panel,National,38,-1.1
Donald Trump,YouGov,1296,2023-10-10,3,Online Panel,National,42,-1.1
Donald Trump,YouGov,1500,2023-09-26,3,Online Panel,National,38,-1.1
Donald Trump,YouGov,1293,2023-09-26,3,Online Panel,National,40,-1.1
Donald Trump,Marquette Law School,1007,2023-09-25,3,Probability Panel,National,52,-1.1
Donald Trump,Marquette Law School,868,2023-09-25,3,Probability Panel,National,51,-1.1
Donald Trump,Marquette Law School,690,2023-09-25,3,Probability Panel,National,49,-1.1
Donald Trump,ABC/Washington Post,1006,2023-09-20,3,Live Phone,National,51,-1.2
Donald Trump,ABC/Washington Post,890,2023-09-20,3,Live Phone,National,52,-1.2
Donald Trump,YouGov,1097,2023-09-18,3,Online Panel,National,44,-1.1
Donald Trump,YouGov Blue,3098,2023-09-18,3,Online Panel,National,47,-1.1
Donald Trump,YouGov Blue,3098,2023-09-18,3,Online Panel,National,42,-1.1
Donald Trump,YouGov Blue,3098,2023-09-18,3,Online Panel,National,26,-1.1
Donald Trump,YouGov,2525,2023-09-15,3,Online Panel,National,50,-1.1
Donald Trump,YouGov,1334,2023-09-12,3,Online Panel,National,43,-1.1
Donald Trump,YouGov,1303,2023-08-29,3,Online Panel,National,44,-1.1
Donald Trump,YouGov,1113,2023-08-21,3,Online Panel,National,41,-1.1
Donald Trump,YouGov,1500,2023-08-15,3,Online Panel,National,39,-1.1
Donald Trump,YouGov,1321,2023-08-15,3,Online Panel,National,42,-1.1
Donald Trump,Siena/NYT,1329,2023-07-27,3,Live Phone,National,43,-1.5
Donald Trump,YouGov,1500,2023-07-25,3,Online Panel,National,38,-1.1
Donald Trump,YouGov,1306,2023-07-25,3,Online Panel,National,40,-1.1
Donald Trump,YouGov,1098,2023-07-17,3,Online Panel,National,43,-1.1
Donald Trump,Marquette Law School,1005,2023-07-12,3,Probability Panel,National,49,-1.1
Donald Trump,Marquette Law School,788,2023-07-12,3,Probability Panel,National,50,-1.1
Donald Trump,YouGov,1500,2023-07-11,3,Online Panel,National,40,-1.1
Donald Trump,YouGov,1296,2023-07-11,3,Online Panel,National,42,-1.1
Donald Trump,YouGov Blue,3012,2023-06-29,3,Online Panel,National,41,-1.1
Donald Trump,YouGov,1500,2023-06-27,3,Online Panel,National,41,-1.1
Donald Trump,YouGov,1315,2023-06-27,3,Online Panel,National,44,-1.1
Donald Trump,YouGov,1091,2023-06-20,3,Online Panel,National,42,-1.1
Donald Trump,YouGov,1500,2023-06-13,3,Online Panel,National,39,-1.1
Donald Trump,YouGov,1303,2023-06-13,3,Online Panel,National,41,-1.1
Donald Trump,Marquette Law School,913,2023-06-13,3,Live Phone/Online Panel/Mail-to-Web,Wisconsin,43,-1.1
Donald Trump,YouGov,1500,2023-05-31,3,Online Panel,National,39,-1.1
Donald Trump,YouGov,1313,2023-05-31,3,Online Panel,National,40,-1.1
Donald Trump,YouGov,1015,2023-05-30,3,Online Panel,National,41,-1.1
Donald Trump,Marquette Law School,1010,2023-05-18,3,Probability Panel,National,52,-1.1
Donald Trump,Marquette Law School,833,2023-05-18,3,Probability Panel,National,52,-1.1
Donald Trump,YouGov,1500,2023-05-16,3,Online Panel,National,41,-1.1
Donald Trump,YouGov,1302,2023-05-16,3,Online Panel,National,44,-1.1
Donald Trump,YouGov,1060,2023-05-08,3,Online Panel,National,43,-1.1
Donald Trump,ABC/Washington Post,1006,2023-05-03,3,Live Phone,National,49,-1.2
Donald Trump,ABC/Washington Post,900,2023-05-03,3,Live Phone,National,49,-1.2
Donald Trump,YouGov,1500,2023-05-02,3,Online Panel,National,41,-1.1
Donald Trump,YouGov,1357,2023-05-02,3,Online Panel,National,46,-1.1
Donald Trump,YouGov,1500,2023-04-18,3,Online Panel,National,41,-1.1
Donald Trump,YouGov,1316,2023-04-18,3,Online Panel,National,44,-1.1
Donald Trump,YouGov,1027,2023-04-17,3,Online Panel,National,42,-1.1
Donald Trump,YouGov,1530,2023-04-17,3,Online Panel,National,36,-1.1
Donald Trump,YouGov,1500,2023-04-11,3,Online Panel,National,39,-1.1
Donald Trump,YouGov,1322,2023-04-11,3,Online Panel,National,44,-1.1
Donald Trump,YouGov,1000,2023-04-06,3,Online Panel,National,37,-1.1
Donald Trump,YouGov,1500,2023-04-04,3,Online Panel,National,40,-1.1
Donald Trump,YouGov,1319,2023-04-04,3,Online Panel,National,44,-1.1
Donald Trump,YouGov,729,2023-03-31,3,Online Panel,National,43,-1.1
Donald Trump,Marquette Law School,1004,2023-03-22,3,Probability Panel,National,38,-1.1
Donald Trump,Marquette Law School,863,2023-03-22,3,Probability Panel,National,38,-1.1
Donald Trump,YouGov,1059,2023-03-20,3,Online Panel,National,43,-1.1
Donald Trump,YouGov,1014,2023-02-27,3,Online Panel,National,45,-1.1
Kamala Harris,YouGov,1014,2023-02-27,3,Online Panel,National,42,-1.1
Donald Trump,YouGov,1014,2023-02-27,3,Online Panel,National,45,-1.1
Kamala Harris,YouGov,1014,2023-02-27,3,Online Panel,National,40,-1.1
Donald Trump,YouGov,1000,2023-02-27,3,Online Panel,National,38,-1.1
Donald Trump,YouGov,1063,2023-02-06,3,Online Panel,National,41,-1.1
Donald Trump,ABC/Washington Post,895,2023-02-01,3,Live Phone,National,48,-1.2
Donald Trump,Marquette Law School,1000,2023-01-20,3,Probability Panel,National,39,-1.1
Donald Trump,Marquette Law School,790,2023-01-20,3,Probability Panel,National,40,-1.1
Donald Trump,YouGov,1500,2023-01-17,3,Online Panel,National,36,-1.1
Donald Trump,YouGov,1314,2023-01-17,3,Online Panel,National,42,-1.1
Donald Trump,YouGov,1028,2023-01-16,3,Online Panel,National,40,-1.1
Donald Trump,YouGov,1041,2022-12-19,3,Online Panel,National,41,-1.1
Donald Trump,YouGov,1635,2022-12-05,3,Online Panel,National,35,-1.1
Donald Trump,YouGov,1204,2022-12-05,3,Online Panel,National,42,-1.1
Donald Trump,Marquette Law School,1004,2022-11-22,3,Probability Panel,National,34,-1.1
Donald Trump,Marquette Law School,840,2022-11-22,3,Probability Panel,National,34,-1.1
Donald Trump,YouGov,1641,2022-10-31,3,Online Panel,National,36,-1.1
Donald Trump,YouGov,1172,2022-10-31,3,Online Panel,National,42,-1.1
Donald Trump,YouGov,1629,2022-10-17,3,Online Panel,National,39,-1.1
Donald Trump,YouGov,1209,2022-10-17,3,Online Panel,National,44,-1.1
Donald Trump,Siena/NYT,792,2022-10-12,3,Live Phone,National,45,-1.5
Donald Trump,Siena/NYT,792,2022-10-12,3,Live Phone,National,43,-1.5
Donald Trump,Siena/NYT,792,2022-10-12,3,Live Phone,National,45,-1.5
Donald Trump,YouGov,1566,2022-09-27,3,Online Panel,National,40,-1.1
Donald Trump,YouGov,1138,2022-09-27,3,Online Panel,National,45,-1.1
Donald Trump,ABC/Washington Post,1006,2022-09-21,3,Live Phone,National,46,-1.2
Donald Trump,ABC/Washington Post,908,2022-09-21,3,Live Phone,National,48,-1.2
Donald Trump,Marquette Law School,1448,2022-09-14,3,Probability Panel,National,36,-1.1
Donald Trump,Marquette Law School,1282,2022-09-14,3,Probability Panel,National,36,-1.1
Donald Trump,Siena/NYT,1399,2022-09-14,3,Live Phone,National,42,-1.5
Donald Trump,YouGov,1634,2022-09-06,3,Online Panel,National,40,-1.1
Donald Trump,YouGov,1247,2022-09-06,3,Online Panel,National,42,-1.1
Donald Trump,YouGov,1563,2022-08-22,3,Online Panel,National,39,-1.1
Donald Trump,YouGov,1185,2022-08-22,3,Online Panel,National,42,-1.1
Donald Trump,YouGov,1563,2022-08-22,3,Online Panel,National,37,-1.1
Donald Trump,YouGov,1185,2022-08-22,3,Online Panel,National,40,-1.1
Donald Trump,YouGov,1000,2022-08-22,3,Online Panel,National,36,-1.1
Donald Trump,YouGov,1000,2022-08-22,3,Online Panel,National,19,-1.1
Donald Trump,YouGov,805,2022-08-22,3,Online Panel,National,40,-1.1
Donald Trump,YouGov,805,2022-08-22,3,Online Panel,National,18,-1.1
Donald Trump,YouGov,1557,2022-08-01,3,Online Panel,National,39,-1.1
Donald Trump,YouGov,1152,2022-08-01,3,Online Panel,National,42,-1.1
Kamala Harris,YouGov,1557,2022-08-01,3,Online Panel,National,42,-1.1
Donald Trump,YouGov,1557,2022-08-01,3,Online Panel,National,41,-1.1
Kamala Harris,YouGov,1152,2022-08-01,3,Online Panel,National,45,-1.1
Donald Trump,YouGov,1152,2022-08-01,3,Online Panel,National,44,-1.1
Donald Trump,YouGov,1672,2022-07-11,3,Online Panel,National,40,-1.1
Donald Trump,YouGov,1261,2022-07-11,3,Online Panel,National,43,-1.1
Donald Trump,Siena/NYT,849,2022-07-07,3,Live Phone,National,41,-1.5
Donald Trump,YouGov,1630,2022-06-27,3,Online Panel,National,40,-1.1
Kamala Harris,YouGov,1630,2022-06-27,3,Online Panel,National,41,-1.1
Donald Trump,YouGov,1630,2022-06-27,3,Online Panel,National,41,-1.1
Kamala Harris,YouGov,1630,2022-06-27,3,Online Panel,National,41,-1.1
Donald Trump,YouGov,1630,2022-06-27,3,Online Panel,National,39,-1.1
Donald Trump,YouGov,1239,2022-06-27,3,Online Panel,National,43,-1.1
Kamala Harris,YouGov,1239,2022-06-27,3,Online Panel,National,44,-1.1
Donald Trump,YouGov,1239,2022-06-27,3,Online Panel,National,45,-1.1
Kamala Harris,YouGov,1239,2022-06-27,3,Online Panel,National,45,-1.1
Donald Trump,YouGov,1239,2022-06-27,3,Online Panel,National,43,-1.1
Donald Trump,YouGov,1541,2022-06-13,3,Online Panel,National,42,-1.1
Donald Trump,YouGov,1243,2022-06-13,3,Online Panel,National,44,-1.1
Donald Trump,YouGov,1573,2022-05-22,3,Online Panel,National,39,-1.1
Donald Trump,YouGov,1360,2022-05-22,3,Online Panel,National,42,-1.1
Donald Trump,YouGov,1605,2022-04-22,3,Online Panel,National,38,-1.1
Donald Trump,YouGov,1187,2022-04-22,3,Online Panel,National,41,-1.1
Donald Trump,YouGov,1618,2022-04-04,3,Online Panel,National,38,-1.1
Donald Trump,YouGov,1233,2022-04-04,3,Online Panel,National,40,-1.1
Donald Trump,Marquette Law School,1004,2022-03-24,3,Probability Panel,National,37,-1.1
Donald Trump,YouGov,2000,2022-03-21,3,Online Panel,National,49.82,-1.1
Donald Trump,YouGov,1623,2022-03-14,3,Online Panel,National,37,-1.1
Donald Trump,YouGov,1225,2022-03-14,3,Online Panel,National,39,-1.1
Donald Trump,YouGov,1532,2022-02-27,3,Online Panel,National,39,-1.1
Donald Trump,YouGov,1169,2022-02-27,3,Online Panel,National,42,-1.1
Donald Trump,YouGov,1568,2022-01-24,3,Online Panel,National,40,-1.1
Donald Trump,YouGov,1190,2022-01-24,3,Online Panel,National,43,-1.1
Donald Trump,Marquette Law School,1000,2022-01-21,3,Probability Panel,National,33,-1.1
Donald Trump,YouGov,574,2021-12-13,3,Online Panel,National,41,-1.1
Donald Trump,YouGov,585,2021-12-13,3,Online Panel,National,35,-1.1
Donald Trump,YouGov,777,2021-12-13,3,Online Panel,National,38,-1.1
Donald Trump,YouGov,773,2021-12-13,3,Online Panel,National,32,-1.1
Donald Trump,Marquette Law School,1004,2021-11-10,3,Probability Panel,National,34,-1.1
Donald Trump,YouGov,1673,2021-11-08,3,Online Panel,National,39,-1.1
Donald Trump,Marquette Law School,805,2021-10-31,3,Live Phone,Wisconsin,41,-1.1
Donald Trump,YouGov,1704,2021-10-21,3,Online Panel,National,40,-1.1
Donald Trump,YouGov,1552,2021-08-02,3,Online Panel,National,37,-1.1
Donald Trump,YouGov,1592,2021-06-24,3,Online Panel,National,35,-1.1
Donald Trump,YouGov,1588,2021-05-26,3,Online Panel,National,36,-1.1
Donald Trump,YouGov,1561,2021-05-13,3,Online Panel,National,36,-1.1
